Sphenodontia,attestive,apprend,exfodiate,maritorious,anaclasis,archaical,mesozoan,resound,hygrometrically
suimate,plaguily,Zizyphus,beastdom,judicatorial,thecae,swaggie,rhombohedric,sneaking,plushiness
fishhooks,undegraded,heartedness,talkathon,pappy,dispend,stethoparalysis,dipterous,Heterocarpus,scavage
continued,albumoid,yellowweed,smartingly,behavioristic,Spondias,slangster,satinleaf,Vindemiatrix,Sussex
atomerg,genear,tendron,unnecessitating,Coeloglossum,manifestive,maledict,scrambly,epicystotomy,Conchifera
minuet,coacher,artefact,immodestly,unexpectant,wassailous,unerringness,Cynanchum,rhinolith,crook
sanctifiably,megmho,staphylosis,subsulphid,sistering,Pliohippus,accentuate,geniohyoid,dilatorily,stanzaic
triunal,opisthodome,unstereotyped,ingulf,kabaya,auteciously,basommatophorous,yaupon,choluria,Ambonnay
cadaverize,intransitively,farfel,enage,another,cow,fiendfully,aerobium,fashioner,revolutionize
lucidly,unconscienced,toxical,untransplanted,haematorrhachis,dihalide,supertempt,intercoccygean,spitful,emanant
archduke,lagna,hachure,factor,subforeman,obligedness,omnimode,cycadeous,chebog,cholecystoduodenostomy
bandstand,Thaumantias,cladodontid,unresponsively,prestigiate,yallow,riebeckite,barbarousness,undersee,outtrail
precriticism,respue,enserf,matzoon,getter,xenopterygian,boree,persevere,thrilly,Phyllostachys
atelomyelia,overmeddle,Palaeotheriidae,sussultatory,dramaturgical,snaffles,rotatoplane,dactylograph,clark,bellmaker
informatively,shaggily,bulliform,bhagavata,misdraw,foreright,pancreaticoduodenal,snailishly,magpieish,lithophyllous
turnpike,photoxylography,sendable,gastrin,quadrivious,parencephalon,inferiorly,unfigurative,subdebutante,incitation
diverticulum,precipitant,blacksmith,sucuri,unattempting,chamberlain,fortifyingly,optogram,sedentariness,crakow
deathshot,interterritorial,fingerhold,nema,bisexualism,leapable,cognizee,trimtram,trophospongium,impavid
scaffle,virtue,Ascot,underkingdom,Dakhini,satara,sapphire,medicaster,fatherlike,Ignatianist
rootlike,tervee,supersurprise,disconventicle,enterocoelous,ungratefully,strickless,photoimpression,lyrated,spitter
Sundanese,antitobacco,orthosymmetrical,rejuvenize,rapport,Pyxis,everything,tarsometatarsus,botryomycoma,Lepadidae
